-- Insert untuk wajib_pajak
INSERT INTO wajib_pajak (npwp, nik, email, nama, nomor_telepon, alamat, tipe_wajib_pajak) VALUES
('8712665879900001', '3214087605987771', 'kurniawan.andi@example.com', 'Andi Kurniawan', '081234567890', 'Jakarta', 1),
('1234567890123456', '1234567890123456', 'muhammad.rizki@example.com', 'Muhammad Rizki', '089876543210', 'Bandung', 0),
('8765432109876543', '8765432109876543', 'sari.citra@example.com', 'Citra Sari', '085678901234', 'Surabaya', 1),
('5678901234567890', '5678901234567890', 'purnama.adi@example.com', 'Adi Purnama', '082109876543', 'Medan', 0),
('2109876543210987', '2109876543210987', 'lestari.ani@example.com', 'Ani Lestari', '087890123456', 'Semarang', 1),
('9012345678901234', '9012345678901234', 'wijaya.budi@example.com', 'Budi Wijaya', '083456789012', 'Jakarta', 0),
('3456789012345678', '3456789012345678', 'kusuma.dewi@example.com', 'Dewi Kusuma', '088901234567', 'Bandung', 1),
('7890123456789012', '7890123456789012', 'pratama.eko@example.com', 'Eko Pratama', '084567890123', 'Surabaya', 0),
('4567890123456789', '4567890123456789', 'susanti.fatimah@example.com', 'Fatimah Susanti', '089012345678', 'Medan', 1),
('0123456789012345', '0123456789012345', 'hartawan.galih@example.com', 'Galih Hartawan', '085678901234', 'Semarang', 0),
('6789012345678901', '6789012345678901', 'rahmawati.hani@example.com', 'Hani Rahmawati', '081234567890', 'Jakarta', 1),
('2345678901234567', '2345678901234567', 'saputra.irwan@example.com', 'Irwan Saputra', '086789012345', 'Bandung', 0),
('9876543210987654', '9876543210987654', 'wulandari.joko@example.com', 'Joko Wulandari', '082345678901', 'Surabaya', 1),
('5432109876543210', '5432109876543210', 'prasetyo.kartika@example.com', 'Kartika Prasetyo', '087890123456', 'Medan', 0),
('1098765432109876', '1098765432109876', 'maharani.linda@example.com', 'Linda Maharani', '083456789012', 'Semarang', 1),
('7654321098765432', '7654321098765432', 'nugraha.mulyani@example.com', 'Mulyani Nugraha', '088901234567', 'Jakarta', 0),
('3210987654321098', '3210987654321098', 'puspita.nana@example.com', 'Nana Puspita', '084567890123', 'Bandung', 1),
('8901234567890123', '8901234567890123', 'ramadhan.ogi@example.com', 'Ogi Ramadhan', '089012345678', 'Surabaya', 0),
('4321098765432109', '4321098765432109', 'suryani.putri@example.com', 'Putri Suryani', '085678901234', 'Medan', 1),
('0987654321098765', '0987654321098765', 'hidayat.reza@example.com', 'Reza Hidayat', '081234567890', 'Semarang', 0),
('6543210987654321', '6543210987654321', 'siregar.rini@example.com', 'Rini Siregar', '086789012345', 'Jakarta', 1),
('2109876543210987', '2109876543210987', 'sutrisno.siti@example.com', 'Siti Sutrisno', '082345678901', 'Bandung', 0),
('9876543210987654', '9876543210987654', 'wahyuni.tono@example.com', 'Tono Wahyuni', '087890123456', 'Surabaya', 1),
('5432109876543210', '5432109876543210', 'prayoga.udin@example.com', 'Udin Prayoga', '083456789012', 'Medan', 0),
('1098765432109876', '1098765432109876', 'yulianti.vera@example.com', 'Vera Yulianti', '088901234567', 'Semarang', 1),
('7654321098765432', '7654321098765432', 'zakaria.widya@example.com', 'Widya Zakaria', '084567890123', 'Jakarta', 0),
('3210987654321098', '3210987654321098', 'natsir.yanti@example.com', 'Yanti Natsir', '089012345678', 'Bandung', 1),
('8901234567890123', '8901234567890123', 'prawira.yudi@example.com', 'Yudi Prawira', '085678901234', 'Surabaya', 0),
('4321098765432109', '4321098765432109', 'kusuma.zaenab@example.com', 'Zaenab Kusuma', '081234567890', 'Medan', 1),
('0987654321098765', '0987654321098765', 'hartono.zulfa@example.com', 'Zulfa Hartono', '086789012345', 'Semarang', 0);

-- Insert data ke tabel laporan_pajak
INSERT INTO laporan_pajak (wajib_pajak_id, periode_awal, periode_akhir, total_pajak, status) 
VALUES 
(1, '2023-01-01', '2023-12-31', 1000000.00, 0),
(2, '2023-01-01', '2023-12-31', 1500000.00, 1),
(3, '2023-01-01', '2023-12-31', 2000000.00, 2),
(4, '2023-01-01', '2023-12-31', 1200000.00, 0),
(5, '2023-01-01', '2023-12-31', 1800000.00, 1),
(6, '2023-01-01', '2023-12-31', 2500000.00, 2),
(7, '2023-01-01', '2023-12-31', 1100000.00, 0),
(8, '2023-01-01', '2023-12-31', 1600000.00, 1),
(9, '2023-01-01', '2023-12-31', 2200000.00, 2),
(10, '2023-01-01', '2023-12-31', 1300000.00, 0),
(11, '2023-01-01', '2023-12-31', 1900000.00, 1),
(12, '2023-01-01', '2023-12-31', 2700000.00, 2),
(13, '2023-01-01', '2023-12-31', 1400000.00, 0),
(14, '2023-01-01', '2023-12-31', 2100000.00, 1),
(15, '2023-01-01', '2023-12-31', 2900000.00, 2),
(16, '2023-01-01', '2023-12-31', 1700000.00, 0),
(17, '2023-01-01', '2023-12-31', 2400000.00, 1),
(18, '2023-01-01', '2023-12-31', 3200000.00, 2),
(19, '2023-01-01', '2023-12-31', 1900000.00, 0),
(20, '2023-01-01', '2023-12-31', 2600000.00, 1),
(21, '2023-01-01', '2023-12-31', 3400000.00, 2),
(22, '2023-01-01', '2023-12-31', 2100000.00, 0),
(23, '2023-01-01', '2023-12-31', 2800000.00, 1),
(24, '2023-01-01', '2023-12-31', 3600000.00, 2),
(25, '2023-01-01', '2023-12-31', 2300000.00, 0),
(26, '2023-01-01', '2023-12-31', 3000000.00, 1),
(27, '2023-01-01', '2023-12-31', 3800000.00, 2),
(28, '2023-01-01', '2023-12-31', 2500000.00, 0),
(29, '2023-01-01', '2023-12-31', 3200000.00, 1),
(30, '2023-01-01', '2023-12-31', 4000000.00, 2);

-- Insert data ke tabel transaksi_keuangan
INSERT INTO transaksi_keuangan (wajib_pajak_id, tanggal_transaksi, nominal, keterangan, jenis_transaksi) 
VALUES 
(1, '2022-01-05', 5746605, 'Transaksi ini merupakan Pengeluaran dengan nominal 5746605. Status pembayaran: Lunas.', 0),
(2, '2024-11-28', 1758829, 'Transaksi ini merupakan Pemasukan dengan nominal 1758829. Status pembayaran: Lunas.', 1),
(3, '2025-01-20', 8564905, 'Transaksi ini merupakan Pemasukan dengan nominal 8564905. Status pembayaran: Lunas.', 1),
(4, '2020-06-07', 686290, 'Transaksi ini merupakan Pemasukan dengan nominal 686290. Status pembayaran: Lunas.', 1),
(5, '2021-09-27', 9628892, 'Transaksi ini merupakan Pengeluaran dengan nominal 9628892. Status pembayaran: Lunas.', 0),
(6, '2022-06-05', 3218372, 'Transaksi ini merupakan Pengeluaran dengan nominal 3218372. Status pembayaran: Lunas.', 0),
(7, '2021-12-10', 3403847, 'Transaksi ini merupakan Pengeluaran dengan nominal 3403847. Status pembayaran: Lunas.', 0),
(8, '2023-05-11', 1289116, 'Transaksi ini merupakan Pengeluaran dengan nominal 1289116. Status pembayaran: Lunas.', 0),
(9, '2021-06-12', 9722457, 'Transaksi ini merupakan Pemasukan dengan nominal 9722457. Status pembayaran: Lunas.', 1),
(10, '2024-03-24', 3220632, 'Transaksi ini merupakan Pengeluaran dengan nominal 3220632. Status pembayaran: Lunas.', 0),
(11, '2021-04-10', 1805776, 'Transaksi ini merupakan Pemasukan dengan nominal 1805776. Status pembayaran: Lunas.', 1),
(12, '2022-08-14', 371873, 'Transaksi ini merupakan Pengeluaran dengan nominal 371873. Status pembayaran: Lunas.', 0),
(13, '2020-10-25', 7383607, 'Transaksi ini merupakan Pengeluaran dengan nominal 7383607. Status pembayaran: Lunas.', 0),
(14, '2023-02-19', 689514, 'Transaksi ini merupakan Pengeluaran dengan nominal 689514. Status pembayaran: Lunas.', 0),
(15, '2024-03-17', 9919799, 'Transaksi ini merupakan Pemasukan dengan nominal 9919799. Status pembayaran: Lunas.', 1),
(16, '2022-08-12', 6039000, 'Transaksi ini merupakan Pengeluaran dengan nominal 6039000. Status pembayaran: Lunas.', 0),
(17, '2020-11-12', 7679780, 'Transaksi ini merupakan Pengeluaran dengan nominal 7679780. Status pembayaran: Lunas.', 0),
(18, '2024-07-04', 5509248, 'Transaksi ini merupakan Pengeluaran dengan nominal 5509248. Status pembayaran: Lunas.', 0),
(19, '2020-01-01', 4997799, 'Transaksi ini merupakan Pemasukan dengan nominal 4997799. Status pembayaran: Lunas.', 1),
(20, '2021-05-06', 4234188, 'Transaksi ini merupakan Pemasukan dengan nominal 4234188. Status pembayaran: Lunas.', 1),
(21, '2024-12-12', 9178107, 'Transaksi ini merupakan Pemasukan dengan nominal 9178107. Status pembayaran: Lunas.', 1),
(22, '2024-07-03', 2478130, 'Transaksi ini merupakan Pemasukan dengan nominal 2478130. Status pembayaran: Lunas.', 1),
(23, '2022-12-18', 8520081, 'Transaksi ini merupakan Pemasukan dengan nominal 8520081. Status pembayaran: Lunas.', 1),
(24, '2025-08-09', 8781180, 'Transaksi ini merupakan Pengeluaran dengan nominal 8781180. Status pembayaran: Lunas.', 0),
(25, '2021-06-11', 5737631, 'Transaksi ini merupakan Pemasukan dengan nominal 5737631. Status pembayaran: Lunas.', 1),
(26, '2024-04-22', 5112229, 'Transaksi ini merupakan Pemasukan dengan nominal 5112229. Status pembayaran: Lunas.', 1),
(27, '2021-01-26', 951482, 'Transaksi ini merupakan Pengeluaran dengan nominal 951482. Status pembayaran: Lunas.', 0),
(28, '2023-02-23', 5153357, 'Transaksi ini merupakan Pemasukan dengan nominal 5153357. Status pembayaran: Lunas.', 1),
(29, '2021-01-01', 7831005, 'Transaksi ini merupakan Pengeluaran dengan nominal 7831005. Status pembayaran: Lunas.', 0),
(30, '2021-11-20', 1102681, 'Transaksi ini merupakan Pemasukan dengan nominal 1102681. Status pembayaran: Lunas.', 1);

-- Insert data ke tabel kategori_pajak
INSERT INTO kategori_pajak (nama, tarif_pajak) 
VALUES 
('Pajak Penghasilan', 0.0602562),
('Pajak Pertambahan Nilai', 0.413661),
('Pajak Bumi dan Bangunan', 0.490105),
('Pajak Penjualan atas Barang Mewah', 0.409438),
('Pajak Kendaraan Bermotor', 0.0177252),
('Pajak Air Permukaan', 0.395341),
('Pajak Reklame', 0.0849523),
('Pajak Hiburan', 0.343458),
('Pajak Penerangan Jalan', 0.272787),
('Pajak Hotel', 0.455879),
('Pajak Restoran', 0.424589),
('Pajak Parkir', 0.0963591),
('Pajak Bea Perolehan Hak atas Tanah dan Bangunan', 0.368609),
('Pajak Rokok', 0.306989),
('Pajak Mineral Bukan Logam dan Batuan', 0.250919),
('Pajak Sarang Burung Walet', 0.168174),
('Pajak Air Tanah', 0.235532),
('Pajak Bahan Bakar Kendaraan Bermotor', 0.217574),
('Pajak Perolehan Hak atas Tanah dan Bangunan', 0.471193),
('Pajak Impor', 0.352167),
('Pajak Ekspor', 0.195568),
('Pajak Cukai', 0.147733),
('Pajak Perdagangan Internasional', 0.120198),
('Pajak Transaksi Keuangan', 0.0295964),
('Pajak Pertambangan', 0.0543233),
('Pajak Kehutanan', 0.435063),
('Pajak Perikanan', 0.315244),
('Pajak Pariwisata', 0.28976),
('Pajak Jasa', 0.107725),
('Pajak Lainnya', 0.182083);

-- Insert data ke tabel laporan_pajak_detail
INSERT INTO laporan_pajak_detail (laporan_pajak_id, kategori_pajak_id, jumlah_transaksi, nominal_pajak) 
VALUES 
(1, 1, 10, 7374240.00),
(2, 2, 10, 4316310.00),
(3, 3, 1, 4509080.00),
(4, 4, 9, 3035470.00),
(5, 5, 2, 438960.00),
(6, 6, 4, 5521810.00),
(7, 7, 2, 7354700.00),
(8, 8, 7, 8999900.00),
(9, 9, 3, 2567600.00),
(10, 10, 8, 6862300.00),
(11, 11, 5, 8507690.00),
(12, 12, 9, 9358730.00),
(13, 13, 1, 862980.00),
(14, 14, 6, 6208220.00),
(15, 15, 7, 7187340.00),
(16, 16, 4, 332630.00),
(17, 17, 10, 8999490.00),
(18, 18, 3, 2936690.00),
(19, 19, 9, 5343270.00),
(20, 20, 5, 9329400.00),
(21, 21, 7, 4850700.00),
(22, 22, 1, 8495490.00),
(23, 23, 6, 3148660.00),
(24, 24, 4, 6023940.00),
(25, 25, 10, 9948260.00),
(26, 26, 2, 5653420.00),
(27, 27, 8, 4597300.00),
(28, 28, 5, 365810.00),
(29, 29, 3, 9683300.00),
(30, 30, 1, 1235700.00);

